[{"C": "","F36": "Beruf/Amt","F36W": "Beruf/Amt"}, {"C": "15.","F36": "Adliger","F36W": "Adlige"}, {"C": "15.01.","F36": "Freiherr","F36W": "Freifrau"}, {"C": "15.02.","F36": "Fürst","F36W": "Fürstin"}, {"C": "15.03.","F36": "Graf","F36W": "Gräfin"}, {"C": "15.04.","F36": "Herzog","F36W": "Herzogin"}, {"C": "15.05.","F36": "Kaiser","F36W": "Kaiserin"}, {"C": "15.06.","F36": "König","F36W": "Königin"}, {"C": "15.07.","F36": "Kurfürst","F36W": "Kurfürstin"}, {"C": "15.08.","F36": "Markgraf","F36W": "Markgräfin"}, {"C": "15.09.","F36": "Ritter","F36W": "Rittersfrau"}, {"C": "18.","F36": "Bildender Künstler","F36W": "Bildende Künstlerin"}, {"C": "18.01.","F36": "Architekt","F36W": "Architektin"}, {"C": "18.02.","F36": "Bildhauer","F36W": "Bildhauerin"}, {"C": "18.03.","F36": "Fotograf","F36W": "Fotografin"}, {"C": "18.04.","F36": "Maler","F36W": "Malerin"}, {"C": "21.","F36": "Geisteswissenschaftler","F36W": "Geisteswissenschaftlerin"}, {"C": "21.01.","F36": "Archivar","F36W": "Archivarin"}, {"C": "21.02.","F36": "Bibliothekar","F36W": "Bibliothekarin"}, {"C": "21.03.","F36": "Historiker","F36W": "Historikerin"}, {"C": "21.04.","F36": "Kulturwissenschaftler","F36W": "Kulturwissenschaftlerin"}, {"C": "21.05.","F36": "Kunstwissenschaftler","F36W": "Kunstwissenschaftlerin"}, {"C": "21.06.","F36": "Mathematiker","F36W": "Mathematikerin"}, {"C": "21.07.","F36": "Philosoph","F36W": "Philosophin"}, {"C": "24.","F36": "Handwerker","F36W": "Handwerkerin"}, {"C": "24.01.","F36": "Bäcker","F36W": "Bäckerin"}, {"C": "24.02.","F36": "Bergmann","F36W": "Bergfrau"}, {"C": "24.03.","F36": "Friseur","F36W": "Friseurin"}, {"C": "24.04.","F36": "Maurer","F36W": "Maurerin"}, {"C": "24.05.","F36": "Metzger","F36W": "Metzgerin"}, {"C": "24.06.","F36": "Schmied","F36W": "Schmiedin"}, {"C": "24.07.","F36": "Tischler","F36W": "Tischlerin"}, {"C": "24.08.","F36": "Weber","F36W": "Weberin"}, {"C": "27.","F36": "Kirchenvertreter","F36W": "Kirchenvertreterin"}, {"C": "27.01.","F36": "Abt","F36W": "Äbtissin"}, {"C": "27.02.","F36": "Bischof","F36W": "Bischöfin"}, {"C": "27.03.","F36": "Geistlicher","F36W": "Geistliche"}, {"C": "27.05.","F36": "Kirchendiener","F36W": "Kirchendienerin"}, {"C": "27.06.","F36": "Mönch","F36W": "Nonne"}, {"C": "27.07.","F36": "Papst","F36W": "Papst"}, {"C": "27.08.","F36": "Pfarrer","F36W": "Pfarrerin"}, {"C": "27.09.","F36": "Theologe","F36W": "Theologin"}, {"C": "30.","F36": "Lebenswissenschaftler","F36W": "Lebenswissenschaftlerin"}, {"C": "30.01.","F36": "Apotheker","F36W": "Apothekerin"}, {"C": "30.02.","F36": "Arzt","F36W": "Ärztin"}, {"C": "30.03.","F36": "Biologe","F36W": "Biologin"}, {"C": "33.","F36": "Pädagoge","F36W": "Pädagogin"}, {"C": "33.01.","F36": "Lehrer","F36W": "Lehrerin"}, {"C": "33.02.","F36": "Professor","F36W": "Professorin"}, {"C": "33.03.","F36": "Schulleiter","F36W": "Schulleiterin"}, {"C": "36.","F36": "Mandatsträger","F36W": "Mandatsträgerin"}, {"C": "36.01.","F36": "Abgeordneter","F36W": "Abgeordnete"}, {"C": "36.02.","F36": "Bürgermeister","F36W": "Bürgermeisterin"}, {"C": "36.03.","F36": "Minister","F36W": "Ministerin"}, {"C": "36.04.","F36": "Politiker","F36W": "Politikerin"}, {"C": "36.05.","F36": "Präsident","F36W": "Präsidentin"}, {"C": "36.06.","F36": "Rat","F36W": "Rätin"}, {"C": "39.","F36": "Naturwissenschaftler","F36W": "Naturwissenschaftlerin"}, {"C": "39.01.","F36": "Chemiker","F36W": "Chemikerin"}, {"C": "39.02.","F36": "Elektriker","F36W": "Elektrikerin"}, {"C": "39.03.","F36": "Geologe","F36W": "Geologin"}, {"C": "39.04.","F36": "Informatiker","F36W": "Informatikerin"}, {"C": "39.05.","F36": "Ingenieur","F36W": "Ingenieurin"}, {"C": "39.06.","F36": "Optiker","F36W": "Optikerin"}, {"C": "39.07.","F36": "Physiker","F36W": "Physikerin"}, {"C": "42.","F36": "Ökonom","F36W": "Ökonom"}, {"C": "42.01.","F36": "Bauer","F36W": "Bäuerin"}, {"C": "42.02.","F36": "Bierbrauer","F36W": "Bierbrauerin"}, {"C": "42.03.","F36": "Fischer","F36W": "Fischerin"}, {"C": "42.04.","F36": "Förster","F36W": "Försterin"}, {"C": "42.05.","F36": "Gärtner","F36W": "Gärtnerin"}, {"C": "42.06.","F36": "Jäger","F36W": "Jägerin"}, {"C": "42.07.","F36": "Koch","F36W": "Köchin"}, {"C": "42.08.","F36": "Wirt","F36W": "Wirtin"}, {"C": "45.","F36": "Philologe","F36W": "Philologin"}, {"C": "45.02.","F36": "Journalist","F36W": "Journalistin"}, {"C": "45.03.","F36": "Schriftsteller","F36W": "Schriftstellerin"}, {"C": "45.05.","F36": "Übersetzer","F36W": "Übersetzerin","SWD": "4061414-1 "}, {"C": "48.","F36": "Rechtspfleger/Verwalter","F36W": "Rechtspflegerin/Verwalterin"}, {"C": "48.01.","F36": "Angestellter","F36W": "Angestellte"}, {"C": "48.02.","F36": "Beamter","F36W": "Beamtin"}, {"C": "48.03.","F36": "Diener","F36W": "Dienerin"}, {"C": "48.04.","F36": "Diplomat","F36W": "Diplomatin"}, {"C": "48.05.","F36": "Jurist","F36W": "Juristin"}, {"C": "48.06.","F36": "Schreiber","F36W": "Schreiberin"}, {"C": "48.07.","F36": "Sekretär","F36W": "Sekretärin"}, {"C": "51.","F36": "Soldat","F36W": "Soldatin"}, {"C": "51.01.","F36": "General","F36W": "General"}, {"C": "51.02.","F36": "Offizier","F36W": "Offizierin"}, {"C": "54.","F36": "Sonstige","F36W": "Sonstige"}, {"C": "54.01.","F36": "Gelehrter","F36W": "Gelehrte"}, {"C": "54.02.","F36": "Hochzeitslader","F36W": "Hochzeitsladerin"}, {"C": "54.03.","F36": "Sportler","F36W": "Sportlerin"}, {"C": "54.04.","F36": "Student","F36W": "Studentin"}, {"C": "57.","F36": "Sozialwissenschaftler","F36W": "Sozialwissenschaftlerin"}, {"C": "57.01.","F36": "Politikwissenschaftler","F36W": "Politikwissenschaftlerin"}, {"C": "57.02.","F36": "Psychologe","F36W": "Psychologin"}, {"C": "57.03.","F36": "Soziologe","F36W": "Soziologin"}, {"C": "57.04.","F36": "Wirtschaftswissenschaftler","F36W": "Wirtschaftswissenschaftlerin"}, {"C": "60.","F36": "Theatermitarbeiter","F36W": "Theatermitarbeiterin"}, {"C": "60.01.","F36": "Bühnenbildner","F36W": "Bühnenbildnerin"}, {"C": "60.02.","F36": "Intendant","F36W": "Intendantin"}, {"C": "60.03.","F36": "Regisseur","F36W": "Regisseurin"}, {"C": "60.04.","F36": "Schauspieler","F36W": "Schauspielerin"}, {"C": "63.","F36": "Unternehmer","F36W": "Unternehmerin"}, {"C": "63.01.","F36": "Bankkaufmann","F36W": "Bankkauffrau"}, {"C": "63.02.","F36": "Buchhändler","F36W": "Buchhändlerin"}, {"C": "63.03.","F36": "Drucker","F36W": "Druckerin"}, {"C": "63.05.","F36": "Händler","F36W": "Händlerin"}, {"C": "63.07.","F36": "Verleger","F36W": "Verlegerin"}, {"C": "54.05","F36": "Sachverständiger","F36W": "Sachverständige"}, {"C": "27.04.","F36": "Heiliger","F36W": "Heilige"}]