[{"C": "","F35": "Musiker","F35W": "Musikerin","F35K": "Musik","F35S": ""}, {"C": "12.","F35": "Autor","F35W": "Autorin","F35K": "Urheberschaft","F35S": ""}, {"C": "12.01.","F35": "Tonsetzer","F35W": "Tonsetzerin","F35K": "Satz","F35S": ""}, {"C": "12.01.01.","F35": "Komponist","F35W": "Komponistin","F35K": "Komposition","F35S": ""}, {"C": "12.01.02.","F35": "Bearbeiter","F35W": "Bearbeiterin","F35K": "Bearbeitung","F35S": ""}, {"C": "12.02.","F35": "Textdichter","F35W": "Textdichterin","F35K": "Text","F35S": "Autograph"}, {"C": "12.02.01.","F35": "Meistersinger","F35W": "Meistersingerin","F35K": "Dichtung","F35S": ""}, {"C": "12.02.02.","F35": "Minnesänger","F35W": "Minnesänger","F35K": "Dichtung","F35S": ""}, {"C": "12.03.","F35": "Übersetzer","F35W": "Übersetzerin","F35K": "Übersetzung","F35S": ""}, {"C": "12.04.","F35": "Illustrator","F35W": "Illustratorin","F35K": "Illustration","F35S": ""}, {"C": "12.05.","F35": "Bühnenbildner","F35W": "Bühnenbilderin","F35K": "Bühnenbild","F35S": ""}, {"C": "12.06.","F35": "Maskenbildner","F35W": "Maskenbildnerin","F35K": "Maske","F35S": ""}, {"C": "12.07.","F35": "Zitierter Autor","F35W": "Zitierte Autorin","F35K": "Zitierte Vorlage","F35S": ""}, {"C": "14.","F35": "Interpret","F35W": "Interpretin","F35K": "Interpretation","F35S": "Uraufführung"}, {"C": "14.01.","F35": "Akteur","F35W": "Akteurin","F35K": "Auftritt","F35S": ""}, {"C": "14.02.","F35": "Discjockey","F35W": "Discjockey","F35K": "Musikauswahl","F35S": ""}, {"C": "14.03.","F35": "Unterhaltungskünstler","F35W": "Unterhaltungskünstlerin","F35K": "Moderation","F35S": ""}, {"C": "14.04.","F35": "Idol","F35W": "Idol","F35K": "Vorbild","F35S": ""}, {"C": "14.05.","F35": "Sprecher","F35W": "Sprecherin","F35K": "Sprecher","F35S": ""}, {"C": "16.","F35": "Instrumentalist","F35W": "Instrumentalistin","F35K": "Instrumentalspiel","F35S": ""}, {"C": "16.01.","F35": "Bläser","F35W": "Bläserin","F35K": "Blasinstrument","F35S": ""}, {"C": "16.01.01.","F35": "Fagottist","F35W": "Fagottistin","F35K": "Fagott","F35S": ""}, {"C": "16.01.02.","F35": "Flötist","F35W": "Flötistin","F35K": "Flöte","F35S": ""}, {"C": "16.01.03.","F35": "Hornist","F35W": "Hornistin","F35K": "Horn","F35S": ""}, {"C": "16.01.04.","F35": "Klarinettist","F35W": "Klarinettistin","F35K": "Klarinette","F35S": ""}, {"C": "16.01.05.","F35": "Oboist","F35W": "Oboistin","F35K": "Oboe","F35S": ""}, {"C": "16.01.06.","F35": "Posaunist","F35W": "Posaunistin","F35K": "Posaune","F35S": ""}, {"C": "16.01.07.","F35": "Saxophonist","F35W": "Saxophonistin","F35K": "Saxophon","F35S": ""}, {"C": "16.01.08.","F35": "Trompeter","F35W": "Trompeterin","F35K": "Trompete","F35S": ""}, {"C": "16.01.09.","F35": "Tubist","F35W": "Tubistin","F35K": "Tuba","F35S": ""}, {"C": "16.02.","F35": "Schlagzeuger","F35W": "Schlagzeugerin","F35K": "Schlagzeug","F35S": ""}, {"C": "16.02.01.","F35": "Pauker","F35W": "Paukerin","F35K": "Pauken","F35S": ""}, {"C": "16.02.02.","F35": "Trommler","F35W": "Trommlerin","F35K": "Trommel","F35S": ""}, {"C": "16.03.","F35": "Streicher","F35W": "Streicherin","F35K": "Streichinstrument","F35S": ""}, {"C": "16.03.01.","F35": "Bratscher","F35W": "Bratscherin","F35K": "Bratsche","F35S": ""}, {"C": "16.03.02.","F35": "Gambist","F35W": "Gambistin","F35K": "Gambe","F35S": ""}, {"C": "16.03.03.","F35": "Geiger","F35W": "Geigerin","F35K": "Geige","F35S": ""}, {"C": "16.03.04.","F35": "Kontrabassist","F35W": "Kontrabassistin","F35K": "Kontrabass","F35S": ""}, {"C": "16.03.05.","F35": "Violoncellist","F35W": "Violoncellistin","F35K": "Violoncello","F35S": ""}, {"C": "16.06.","F35": "Tasteninstrumentenspieler","F35W": "Tasteninstrumentenspielerin","SWD": "4553638-7 ","SWDW": "4553638-7 ","F35K": "Tasteninstrument","F35S": ""}, {"C": "16.06.01.","F35": "Akkordeonspieler","F35W": "Akkordeonspielerin","SWD": "4776375-9 ","SWDW": "7553267-0 ","F35K": "Akkordeon","F35S": ""}, {"C": "16.06.02.","F35": "Cembalist","F35W": "Cembalistin","SWD": "4776368-1 ","SWDW": "7553293-1 ","F35K": "Cembalo","F35S": ""}, {"C": "16.06.03.","F35": "Harmonikaspieler","F35W": "Harmonikaspielerin","SWD": "4776375-9 ","SWDW": "7553267-0 ","F35K": "Harmonika","F35S": ""}, {"C": "16.06.04.","F35": "Organist","F35W": "Organistin","SWD": "4172793-9 ","SWDW": "7553351-0 ","F35K": "Orgel","F35S": ""}, {"C": "16.06.05.","F35": "Pianist","F35W": "Pianistin","SWD": "4131406-2 ","SWDW": "4426550-5 ","F35K": "Klavier","F35S": ""}, {"C": "16.06.06.","F35": "Korrepetitor","F35W": "Korrepetitorin","SWD": "4283458-2 ","SWDW": "4283458-2 ","F35K": "Klavierbegleitung","F35S": ""}, {"C": "16.08.","F35": "Zupfinstrumentenspieler","F35W": "Zupfinstrumentenspielerin","F35K": "Zupfinstrument","F35S": ""}, {"C": "16.08.01.","F35": "Gitarrist","F35W": "Gitarristin","F35K": "Gitarre","F35S": ""}, {"C": "16.08.02.","F35": "Harfenist","F35W": "Harfenistin","F35K": "Harfe","F35S": ""}, {"C": "16.08.03.","F35": "Lautenist","F35W": "Lautenistin","F35K": "Laute","F35S": ""}, {"C": "16.08.04.","F35": "Zitherspieler","F35W": "Zitherspielerin","F35K": "Zither","F35S": ""}, {"C": "16.09.","F35": "Elektrophonspieler","F35W": "Elektrophonspielerin","F35K": "Elektrophon","F35S": ""}, {"C": "16.09.01.","F35": "Trautoniumspieler","F35W": "Trautoniumspielerin","F35K": "Trautonium","F35S": ""}, {"C": "18.","F35": "Instrumentenbauer","F35W": "Instrumentenbauerin","F35K": "Herstellung","F35S": "Signatur"}, {"C": "18.01.","F35": "Blechblasinstrumentenbauer","F35W": "Blechblasinstrumentenbauerin","F35K": "Herstellung","F35S": "Signatur"}, {"C": "18.02.","F35": "Geigenbauer","F35W": "Geigenbauerin","F35K": "Herstellung","F35S": "Signatur"}, {"C": "18.02.01.","F35": "Bogenmacher","F35W": "Bogenmacherin","F35K": "Herstellung","F35S": "Signatur"}, {"C": "18.02.02.","F35": "Saitenmacher","F35W": "Saitenmacherin","F35K": "Herstellung","F35S": "Signatur"}, {"C": "18.03.","F35": "Glockengießer","F35W": "Glockengießerin","F35K": "Herstellung","F35S": "Signatur"}, {"C": "18.04.","F35": "Holzblasinstrumentenbauer","F35W": "Holzblasinstrumentenbauerin","F35K": "Herstellung","F35S": "Signatur"}, {"C": "18.04.01.","F35": "Flötenbauer","F35W": "Flötenbauerin","SWD": "7628972-2 ","SWDW": "7628972-2 ","F35K": "Herstellung","F35S": "Signatur"}, {"C": "18.04.02.","F35": "Klarinettenbauer","F35W": "Klarinettenbauerin","F35K": "Herstellung","F35S": "Signatur"}, {"C": "18.05.","F35": "Tasteninstrumentenhersteller","F35W": "Tasteninstrumentenherstellerin","F35K": "Herstellung","F35S": "Signatur"}, {"C": "18.05.01.","F35": "Klavierbauer","F35W": "Klavierbauerin","F35K": "Herstellung","F35S": "Signatur"}, {"C": "18.05.02.","F35": "Orgelbauer","F35W": "Orgelbauerin","F35K": "Herstellung","F35S": "Signatur"}, {"C": "18.05.03.","F35": "Handzuginstrumentenbauer","F35W": "Handzuginstrumentenbauerin","F35K": "Herstellung","F35S": "Signatur"}, {"C": "18.07.","F35": "Lautenmacher","F35W": "Lautenmacherin","F35K": "Herstellung","F35S": "Signatur"}, {"C": "18.08.","F35": "Schlagzeughersteller","F35W": "Schlagzeugherstellerin","F35K": "Herstellung","F35S": "Signatur"}, {"C": "18.09.","F35": "Zupfinstrumentenbauer","F35W": "Zupfinstrumentenbauerin","F35K": "Herstellung","F35S": "Signatur"}, {"C": "20.","F35": "Musikalischer Leiter","F35W": "Musikalische Leiterin","F35K": "Musikalische Leitung","F35S": ""}, {"C": "20.01.","F35": "Dirigent","F35W": "Dirigentin","F35K": "Dirigat","F35S": "Uraufführung"}, {"C": "20.01.01.","F35": "Chorleiter","F35W": "Chorleiterin","F35K": "Musikalische Leitung","F35S": ""}, {"C": "20.01.02.","F35": "Kapellmeister","F35W": "Kapellmeisterin","F35K": "Musikalische Leitung","F35S": ""}, {"C": "20.01.03.","F35": "Konzertmeister","F35W": "Konzertmeisterin","F35K": "Musikalische Leitung","F35S": ""}, {"C": "20.02.","F35": "Musikproduzent","F35W": "Musikproduzentin","F35K": "Produktion","F35S": ""}, {"C": "20.03.","F35": "Veranstalter","F35W": "Veranstalterin","F35K": "Organisation","F35S": ""}, {"C": "20.03.01.","F35": "Intendant","F35W": "Intendantin","F35K": "Organisation","F35S": ""}, {"C": "20.03.02.","F35": "Regisseur","F35W": "Regisseurin","F35K": "Regie","F35S": ""}, {"C": "20.04.","F35": "Musikmanager","F35W": "Musikmanagerin","F35K": "Organisation","F35S": ""}, {"C": "20.04.01.","F35": "Spielgraf","F35W": "Spielgraf","F35K": "Organisation","F35S": ""}, {"C": "22.","F35": "Musikdokumentar","F35W": "Musikdokumentarin","F35K": "Dokumentation","F35S": ""}, {"C": "22.01.","F35": "Instrumentenkundler","F35W": "Instrumentenkundlerin","F35K": "Dokumentation","F35S": ""}, {"C": "22.01.01.","F35": "Glockensachverständiger","F35W": "Glockensachverständige","F35K": "Gutachter","F35S": ""}, {"C": "22.01.02.","F35": "Orgelsachverständiger","F35W": "Orgelsachverständige","F35K": "Gutachten","F35S": ""}, {"C": "22.02.","F35": "Herausgeber","F35W": "Herausgeberin","F35K": "Edition","F35S": ""}, {"C": "22.03.","F35": "Musikforscher","F35W": "Musikforscherin","F35K": "Wissenschaftliche Dokumentation","F35S": ""}, {"C": "22.04.","F35": "Musikethnologe","F35W": "Musikethnologin","F35K": "Wissenschaftliche Dokumentation","F35S": ""}, {"C": "22.05.","F35": "Musiksoziologe","F35W": "Musiksoziologin","F35K": "Wissenschaftliche Dokumentation","F35S": ""}, {"C": "22.06.","F35": "Musikpsychologe","F35W": "Musikpsychologin","F35K": "Wissenschaftliche Dokumentation","F35S": ""}, {"C": "22.07.","F35": "Musikphilosoph","F35W": "Musikphilosophin","F35K": "Wissenschaftliche Dokumentation","F35S": ""}, {"C": "22.08.","F35": "Musiktherapeut","F35W": "Musiktherapeutin","F35K": "Therapie","F35S": ""}, {"C": "24.","F35": "Musikfachwirt","F35W": "Musikfachwirtin","F35K": "Handel","F35S": ""}, {"C": "24.01.","F35": "Musikalienhändler","F35W": "Musikalienhändlerin","F35K": "Verkauf","F35S": ""}, {"C": "24.01.01.","F35": "Auktionator","F35W": "Auktionatorin","F35K": "Auktion","F35S": ""}, {"C": "24.01.02.","F35": "Besitzer","F35W": "Besitzerin","F35K": "Besitz","F35S": ""}, {"C": "24.01.03.","F35": "Rechteinhaber","F35W": "Rechteinhaberin","F35K": "Rechte","F35S": ""}, {"C": "24.02.","F35": "Musikverleger","F35W": "Musikverlegerin","F35K": "Edition","F35S": "Erstausgabe"}, {"C": "24.03.","F35": "Notengraphiker","F35W": "Notengraphikerin","F35K": "Notensatz","F35S": ""}, {"C": "24.03.01.","F35": "Kopist","F35W": "Kopistin","F35K": "Abschrift","F35S": "Autograph"}, {"C": "24.03.02.","F35": "Notendrucker","F35W": "Notendruckerin","F35K": "Druck","F35S": ""}, {"C": "24.05.","F35": "Musikredakteur","F35W": "Musikredakteurin","F35K": "Redaktion","F35S": ""}, {"C": "24.05.01.","F35": "Kritiker","F35W": "Kritikerin","F35K": "Kritik","F35S": ""}, {"C": "24.05.02.","F35": "Rezensent","F35W": "Rezensentin","F35K": "Rezension","F35S": ""}, {"C": "24.05.03.","F35": "Musikschriftsteller","F35W": "Musikschriftstellerin","F35K": "Text","F35S": ""}, {"C": "24.06.","F35": "Hersteller","F35W": "Herstellerin","F35K": "Herstellung","F35S": ""}, {"C": "24.06.01.","F35": "Reparateur","F35W": "Reparateurin","F35K": "Reparatur","F35S": "Signatur"}, {"C": "24.06.02.","F35": "Restaurator","F35W": "Restauratorin","F35K": "Restaurierung","F35S": "Signatur"}, {"C": "24.07.","F35": "Medienproduzent","F35W": "Medienproduzentin","F35K": "Produktion","F35S": ""}, {"C": "24.08.","F35": "Tontechniker","F35W": "Tontechnikerin","F35K": "Aufnahme","F35S": ""}, {"C": "26.","F35": "Musikliebhaber","F35W": "Musikliebhaberin","F35K": "Förderung","F35S": ""}, {"C": "26.01.","F35": "Mäzen","F35W": "Mäzenin","F35K": "Förderung","F35S": ""}, {"C": "26.02.","F35": "Sammler","F35W": "Sammlerin","F35K": "Erwerb","F35S": ""}, {"C": "26.02.01.","F35": "Instrumentensammler","F35W": "Instrumentensammlerin","F35K": "Sammlung","F35S": ""}, {"C": "26.02.02.","F35": "Volksliedsammler","F35W": "Volksliedsammlerin","F35K": "Sammlung","F35S": ""}, {"C": "26.03.","F35": "Repräsentant","F35W": "Repräsentantin","F35K": "Förderung","F35S": ""}, {"C": "26.04.","F35": "Widmungsempfänger","F35W": "Widmungsempfängerin","F35K": "Widmung","F35S": ""}, {"C": "28.","F35": "Musikpädagoge","F35W": "Musikpädagogin","F35K": "Ausbildung","F35S": ""}, {"C": "28.01.","F35": "Gesangslehrer","F35W": "Gesangslehrerin","F35K": "Ausbildung","F35S": ""}, {"C": "28.02.","F35": "Instrumentallehrer","F35W": "Instrumentallehrerin","F35K": "Ausbildung","F35S": ""}, {"C": "28.02.02.","F35": "Flötenlehrer","F35W": "Flötenlehrerin","F35K": "Ausbildung","F35S": ""}, {"C": "28.02.03.","F35": "Geigenlehrer","F35W": "Geigenlehrerin","F35K": "Ausbildung","F35S": ""}, {"C": "28.02.04.","F35": "Gitarrenlehrer","F35W": "Gitarrenlehrerin","F35K": "Ausbildung","F35S": ""}, {"C": "28.02.05.","F35": "Klarinettenlehrer","F35W": "Klarinettenlehrerin","F35K": "Ausbildung","F35S": ""}, {"C": "28.02.06.","F35": "Klavierlehrer","F35W": "Klavierlehrerin","F35K": "Ausbildung","F35S": ""}, {"C": "28.02.07.","F35": "Oboenlehrer","F35W": "Oboenlehrerin","F35K": "Ausbildung","F35S": ""}, {"C": "28.02.08.","F35": "Orgellehrer","F35W": "Orgellehrerin","F35K": "Ausbildung","F35S": ""}, {"C": "28.02.09.","F35": "Violoncellolehrer","F35W": "Violoncellolehrerin","F35K": "Ausbildung","F35S": ""}, {"C": "28.03.","F35": "Kompositionslehrer","F35W": "Kompositionslehrerin","F35K": "Ausbildung","F35S": ""}, {"C": "28.05.","F35": "Tanzlehrer","F35W": "Tanzlehrerin","F35K": "Ausbildung","F35S": ""}, {"C": "30.","F35": "Sänger","F35W": "Sängerin","F35K": "Gesang","F35S": ""}, {"C": "30.01.","F35": "Altist","F35W": "Altistin","F35K": "Alt","F35S": ""}, {"C": "30.02.","F35": "Bariton","F35W": "Bariton","F35K": "Bariton","F35S": ""}, {"C": "30.03.","F35": "Bassist","F35W": "Bassistin","F35K": "Bass","F35S": ""}, {"C": "30.04.","F35": "Chorknabe","F35W": "Chormädchen","F35K": "Gesang","F35S": ""}, {"C": "30.05.","F35": "Diskantist","F35W": "Diskantistin","F35K": "Gesang","F35S": ""}, {"C": "30.06.","F35": "Kastrat","F35W": "Kastrat","F35K": "Gesang","F35S": ""}, {"C": "30.07.","F35": "Mezzosopranist","F35W": "Mezzosopranistin","F35K": "Mezzosopran","F35S": ""}, {"C": "30.08.","F35": "Sopranist","F35W": "Sopranistin","F35K": "Sopran","F35S": ""}, {"C": "30.09.","F35": "Tenor","F35W": "Tenor","F35K": "Tenor","F35S": ""}, {"C": "30.10.","F35": "Chorist","F35W": "Choristin","F35K": "Gesang","F35S": ""}, {"C": "32.","F35": "Tänzer","F35W": "Tänzerin","F35K": "Tanz","F35S": ""}]
